1967,"1967 World Series",Fenway Park - 4 Yawkey Way Boston Massachusetts 
2008,"2008 UEFA European Football Championship",Stade de Suisse Wankdorf Bern Kanton Bern 
2003,"20h10 pétantes",Plage du Noga-Hilton Cannes Alpes-Maritimes 
2010,"Adolfo Suárez",Valladolid Valladolid Castilla y León 
1978,"All Creatures Great and Small",Simonstone Hall Simonstone Hawes North Yorkshire England 
2016,"American Crime Story",Hollywood Riviera Studios Torrance California 
1999,"Angel",Park Plaza Hotel - 607 S. Park View Street Los Angeles California 
1956,"Assignment Foreign Legion",Beaconsfield Studios Beaconsfield Buckinghamshire England 
2015,"Backstrom",Allied Shipyard North Vancouver British Columbia 
2004,"Balzakovskiy vozrast, ili Vse muzhiki svo...",Moscow 
2005,"Battle of the Network Reality Stars",Pepperdine University - 24255 Pacific Coast Highway Malibu California 
2010,"Boardwalk Empire",Catalpa Avenue Ridgewood Queens New York City New York 
2012,"Cannes Eco 2012",Cannes Film Festival Cannes Alpes-Maritimes 
2004,"Cathedrals of the Game",Minute Maid Park - 501 Crawford Street Houston Texas 
2003,"Celebrity Poker Showdown",Palms Casino Resort - 4321 W. Flamingo Road Las Vegas Nevada 
1998,"Cheap Theatrix",Encino Los Angeles California 
2014,"CockTales",Independent Dance Company Hollywood Los Angeles California 
2012,"DNOiSE Street Marketing",Málaga Málaga Andalucía 
1958,"Dotto",CBS-TV Manhattan New York City New York 
2000,"Eugenie Sandler P.I.",Altona Melbourne Victoria 
2003,"Eve",Columbia/Sunset Gower Studios - 1438 N. Gower Street Hollywood Los Angeles California 
2014,"Every Street United",Rio de Janeiro Rio de Janeiro 
2010,"Fashion Beat TV",Roskilde Festival Roskilde Sjælland 
1996,"Fox Report w/ Shepard Smith",Fox News NY Studios - 48th Street & 6th Avenue Manhattan New York City New York 
2013,"Freshers",Bedford Bedfordshire England 
2013,"Friendly Advice",North Hollywood Los Angeles California 
1955,"Front Row Center",Hollywood Los Angeles California 
2010,"GTOtv",Sherman Oaks Los Angeles California 
2014,"Grid Smasher",Burbank California 
1957,"Have Gun - Will Travel",Red Rock Canyon State Park - Highway 14 Cantil California 
1992,"Heartbeat",Goathland North Yorkshire England 
2001,"HippHipp!",The Great Pyramids Giza Plateau Giza 
2009,"Horne & Corden",Inglis Barracks Mill Hill London England 
2008,"Hot Gay Comics",Comix Comedy Club Manhattan New York City New York 
2012,"Hyperlinked",Loyola Marymount University - 1 LMU Drive Westchester Los Angeles California 
1985,"In Search of the Trojan War",Cambridge University Cambridge Cambridgeshire England 
2002,"In-Laws",Hollywood Los Angeles California 
1980,"Juliet Bravo",Bacup Police Station Bank Street Bacup Lancashire England 
1999,"La gran ilusión",Dénia Alicante Comunitat Valenciana 
2015,"La vecina",Televisa San Angel Mexico City Distrito Federal 
2013,"Learning with Ghost Scott",Belfast County Antrim Northern Ireland 
1979,"Life on Earth",Brasília Zoo Brasília Distrito Federal 
2008,"Little Dorrit",Deal Castle Deal Kent England 
1993,"London Tonight",ITN Gray's Inn Road Holborn London England 
1981,"Love, Sidney",Warner Brothers Burbank Studios - 4000 Warner Boulevard Burbank California 
2003,"Loves Me, Loves Me Not",Victoria 
2014,"NESN Clubhouse",NESN Watertown Massachusetts 
1993,"NYPD Blue",Brooklyn New York City New York 
2010,"Nikita",Revival 629 629 Eastern Avenue Toronto Ontario 
2008,"Noho, PA",New York City New York 
1974,"Not on Your Nellie",Chelsea London England 
1961,"Number Please",Ritz Theater - 219 W. 48th Street Manhattan New York City New York 
2010,"Peripheral City",Brooklyn New York City New York 
1958,"Play Your Hunch",Studio 6B NBC Studios - 30 Rockefeller Plaza Manhattan New York City New York 
2012,"Power to Change",Bunbury Theatre Louisville Kentucky 
2006,"Pritzker Military Library Presents",Downtown Chicago Illinois 
1999,"Queer as Folk",ASDA Princess Road Hulme Greater Manchester England 
2000,"Real Rooms",Clifton Bristol England 
1959,"Remembering Summer",Slad Gloucestershire England 
1998,"Russell Grant's Postcards",Hereford Herefordshire England 
2007,"Saving Grace",Delfino Stages - 12501 Gladstone Avenue Sylmar Los Angeles California 
2007,"Sea Patrol",HMAS Waterhen Waverton Sydney New South Wales 
2012,"Servers",Lower East Side Manhattan New York City New York 
2003,"Seven Ages of Britain",Inveraray Argyll and Bute Scotland 
2002,"Sjælen på vrangen",Hvidovre Hospital Hvidovre Sjælland 
2014,"Snow, Sex & Suspicious Parents",Savoie 
1957,"Sportler des Jahres",Kurhaus Baden-Baden Baden-Baden Baden-Württemberg 
1960,"Stagecoach West",Old Tucson - 201 S. Kinney Road Tucson Arizona 
2005,"Talent Showcase",East Hampton Long Island New York 
2009,"Tangle",Prahran Melbourne Victoria 
1946,"Teen Canteen",Scotia Teen Canteen Schenectady New York 
2000,"The 10th Kingdom",Frensham Little Pond Farnham Surrey England 
1983,"The A-Team",Six Points Texas Backlot Universal Studios - 100 Universal City Plaza Universal City California 
2006,"The Amazing Race Asia",Blue Lake/Lake Tikitapu Rotorua Bay of Plenty 
2006,"The Amazing Race Asia",Sunny International Spice Shop Gadodia Market Khari Baoli Road Fatehpuri Old Delhi Central Delhi Delhi 
2001,"The Amazing Race",Centro Cívico San Carlos de Bariloche Río Negro 
2001,"The Amazing Race",Pauwela Maui Hawaii 
2001,"The Amazing Race",Stazione Ferroviaría di Calalzo Via della Stazione 34 Calalzo di Cadore Belluno Veneto 
1970,"The Bold Ones: The Senator",Universal Studios - 100 Universal City Plaza Universal City California 
2005,"The Brendan Courtney Show",Howl at the Moon Leeson Street Dublin County Dublin 
1956,"The Brothers",RKO Studios - 780 Gower Street Hollywood Los Angeles California 
1971,"The D.A.",Universal Studios - 100 Universal City Plaza Universal City California 
1967,"The Flower of Gloster",Fenny Stratford Northamptonshire England 
1988,"The Kids in the Hall",CBC Studios Toronto Ontario 
1982,"The Life and Adventures of Nicholas Nickleby",Old Vic Theatre Waterloo Road South Bank Lambeth London England 
2003,"The Mullets",Columbia/Warner Bros. Ranch - 411 North Hollywood Way Burbank California 
1995,"The Politician's Wife",Pearl Assurance Building High Holborn Holborn London England 
1993,"The Wartime Kitchen and Garden",Chilton Foliat Berkshire England 
1999,"The West Wing",Warner Brothers Burbank Studios - 4000 Warner Boulevard Burbank California 
1983,"The Winds of War",Park Lane Hotel Piccadilly London England 
2012,"Tight Rider",Fort Amherst Chatham Kent England 
1994,"Time Team",Merton London England 
2016,"Two Minutes to Midnight",North Hollywood Los Angeles California 
1995,"US Open Tennis 1995",Flushing Meadows Park Queens New York City New York 
2004,"Urban Jungle",Pico Union Los Angeles California 
1999,"WWF SmackDown!",Oakland-Alameda County Arena - 7000 Coliseum Way Oakland California 
2005,"Watch This!",Hollywood Los Angeles California 
2004,"Who Do You Think You Are?",Worthing West Sussex England 
1998,"Whose Line Is It Anyway?",Hollywood Los Angeles California 
2002,"Without a Trace",Warner Brothers Burbank Studios - 4000 Warner Boulevard Burbank California 
1998,"World Impact with Billy Wilson",Edinburgh Castle Edinburgh Scotland 
2010,"Xtreme Tourist",Cancún Benito Juárez Quintana Roo 
1952,'B' Girl Rhapsody,New Follies Theater - 548 S. Main Street Los Angeles California 
1997,...Aur Pyaar Ho Gaya,Merlion Sentosa Southern Islands 
2011,1,042,1 Alberta 
2004,100,000,000 Bon Jovi Fans Can't Be Wrong,100 000 Atlantic City New Jersey 
1897,13th Infantry, U.S. Army Marching Through Sallyport, Governors Island,13th Infantry U.S. Army Marching Through Sallyport New York Harbor New York City New York 
2005,15 Park Avenue,Woodlands Nursing Home Calcutta West Bengal 
1963,1963 Cotton Bowl,Cotton Bowl - 3750 Midway Plaza Dallas Texas 
1978,1978 NHL All-Star Game,Buffalo Memorial Auditorium Buffalo New York 
1989,1989 Holiday Bowl,Qualcomm Stadium San Diego California 
1997,1997 Norwest Sun Bowl,Sun Bowl Stadium Sun Bowl Drive El Paso Texas 
1966,2+5: Missione Hydra,Cinecittà Studios Cinecittà Rome Lazio 
2012,2012 Valero Alamo Bowl,Alamodome - 100 Montana Street San Antonio Texas 
2016,2016 R+L Carriers New Orleans Bowl,Superdome - 1500 Poydras Street New Orleans Louisiana 
2002,28 Days Later...,Canary Wharf Underground Station Canary Wharf Isle of Dogs London England 
2009,3 Idiots,Woodville Palace Hotel Shimla Himachal Pradesh 
2015,30,000 Days,30 New York 
2006,38è Premi d'Honor de les Lletres Catalanes,Palau de la Música Catalana Barcelona Catalonia 
1976,40 gradi all'ombra del lenzuolo,Faenza Ravenna Emilia-Romagna 
2015,45 Years,Norwich Norfolk England 
2005,7/7: Attack on London,Leeds West Yorkshire England 
2008,8.3 Minutes,Pinewood Studios Iver Heath Buckinghamshire England 
2018,A Bread Factory, Part One,A Bread Factory New York 
1951,A Case for PC 49,Bray Studios Down Place Oakley Green Berkshire England 
2016,A College Student,2200 Benjamin Franklin Parkway Philadelphia Pennsylvania 
2010,A Documentary,Perkamentstraat Gent Oost-Vlaanderen 
2010,A Gang Land Love Story,Hollywood Los Angeles California 
1964,A Hard Day's Night,The Embankment River Thames London England 
1956,A Kiss Before Dying,Sentinel Peak Tucson Arizona 
1915,A Night Out,Alcantara Building San Jose California 
2014,A Roberto Morgan le gusta el Café,Curiche Juradó Chocó 
2009,A Serious Man,Normandale Community College Bloomington Minnesota 
2016,A Silent Scream,Oswaldstraße 17 Gelsenkirchen Northrhine-Westphalia 
1959,A Summer Place,Stage 6 Warner Brothers Burbank Studios - 4000 Warner Boulevard Burbank California 
2013,A Talking Cat!?!,1807 Latigo Canyon Road Malibu California 
1965,A Thousand Clowns,South Street Seaport - 19 Fulton Street Manhattan New York City New York 
1985,A View to a Kill,Fisherman's Wharf San Francisco California 
2007,A Walk in the Park,Central Park Manhattan New York City New York 
1976,A Whale of a Tale,Marineland of the Pacific - 6610 Palos Verdes Drive South Rancho Palos Verdes California 
1996,ACT: History of the Geary Theatre,American Conservatory Theater San Francisco California 
2012,ASU School of International Letters & Cultures 2013 Recruitment Video,Barrett The Honors College ASU Tempe Arizona 
1955,Accadde al penitenziario,Fontana di Trevi Rome Lazio 
2011,Action News 5,Hollywood Los Angeles California 
2012,Adriano Live: Rock Economy,Arena di Verona Verona Veneto 
1932,After Office Hours,British International Pictures Studios Borehamwood Hertfordshire England 
2008,Aide-toi, le ciel t'aidera,Aide-toi Val-d'Oise 
1950,Al-masakeen,Studio Nahas Guiza Cairo 
2006,Alatriste,Cádiz Cádiz Andalucía 
2005,Ales Angels: Blood, Sweat and Beers,Ales Angels: Blood Northumberland England 
1999,Alexandra - Die Legende einer Sängerin,Baldurstraße Nymphenburg Munich Bavaria 
2009,Alfred Hitchcock in East London,Leytonstone London England 
2015,All About the Bus,North Carolina State University Raleigh North Carolina 
1979,All That Jazz,Kaufman Astoria Studios - 3412 36th Street Astoria Queens New York City New York 
1976,All the President's Men,City Hall - 200 N. Spring Street Downtown Los Angeles California 
1954,All-Ireland Hurling Championship Final 1954,Croke Park Dublin County Dublin 
2017,Allen & Tom,Ocaña Toledo Castilla-La Mancha 
1968,Amanti,Villa Barbaro Maser Treviso Veneto 
2006,Amazing Grace,Blandford Dorset England 
1924,America,Shirley Plantation - 501 Shirley Plantation Road Charles City Virginia 
2008,American Legacy,429 W Roslyn Pl Chicago Illinois 
2001,American Pie 2,Shalom Institute - 34342 Mulholland Highway Malibu California 
2017,Ami. exe,Kabukicho Shinjuku Tokyo 
1951,An American in Paris,Metro-Goldwyn-Mayer Studios - 10202 W. Washington Blvd. Culver City California 
1958,Ana dice sí,San Feliu de Guixols Girona Catalonia 
1973,Anamika,Natraj Studios Mumbai Maharashtra 
2000,And Ya Don't Stop: Hip Hop's Greatest Videos, Vol. 1,And Ya Don't Stop: Hip Hop's Greatest Videos California 
2007,Anisometropia,Vassar College Poughkeepsie New York 
2017,Another Dirty Room 6: Shock Motel, Return to the Royal Inn Maryland,Another Dirty Room 6: Shock Motel Maryland 
1966,Antigone,ABC TV Studios Gore Hill Sydney New South Wales 
1934,Apples to You!,Hal Roach Studios - 8822 Washington Blvd. Culver City California 
2008,Arkitektene,Konnerud Hill Minen Drammen Buskerud 
2004,Arsène Lupin,Abbaye Notre-Dame-du-Val Mériel Val-d'Oise 
2014,Arthur,Kakaako Oahu Hawaii 
1937,Artists & Models,Paramount Studios - 5555 Melrose Avenue Hollywood Los Angeles California 
1995,Asero,Laguna Provincial Jail San Pablo Sur Santa Cruz Laguna 
2015,Assassinista,127 US-206 Trenton New Jersey 
2011,Athens Burning,Georgia Theatre Athens Georgia 
1999,Au coeur du mensonge,Le Grand Porcon Saint-Méloir-des-Ondes Ille-et-Vilaine 
2007,Audition,Dreamland Loft Los Angeles California 
1971,Aunque la hormona se vista de seda...,Gandía Valencia Comunidad Valenciana 
2008,BBC One Circle Identity - Capes,Ealing London England 
1998,Babe: Pig in the City,Fox Studios Moore Park Sydney New South Wales 
1987,Baby Boom,375 Park Avenue & E 52nd Street New York City New York 
1984,Bachelor Party,John Marshall High School - 3939 Tracy Street Los Feliz Los Angeles California 
1991,Backdraft,West Cermak Road Chinatown Armour Square Chicago Illinois 
2005,Bad News Bears,Encino Los Angeles California 
2014,Badass,Manchester Greater Manchester England 
1941,Ball of Fire,Samuel Goldwyn Studios - 7200 Santa Monica Boulevard West Hollywood California 
2010,Baptizing a Drunk,Lake Temescal Oakland California 
1987,Barfly,Royal Palms Recovery Home 360 S Westlake Ave Los Angeles California 
1995,Batman Forever,Lobby Surrogate's Court - 31 Chamber's Street Lower Manhattan Manhattan New York City New York 
1996,Beautiful Thing,Southmere Lake Thamesmead South London England 
1964,Bedtime Story,Train Station Backlot Universal Studios - 100 Universal City Plaza Universal City California 
1993,Beethoven's 2nd,Eddie's Cafe & Gifts 1 Fish Creek Campground Rd West Glacier Montana 
1995,Before Sunrise,Riesenrad Prater Vienna 
2005,Before the Storm,Oakwood Cemetery Metamora Illinois 
2016,Behind the Curtain: Eclipsed,Ace Hotel: Liberty Hall New York City New York 
2017,Behind the Scenes on the Road to Portland,Cincinnati Ohio 
1971,Bei sich zu Hause in Ascona: Robert Siodmak, Filmregisseur,Bei sich zu Hause in Ascona: Robert Siodmak Cantone Ticino 
2015,Belles familles,Place Saint-Louis Blois Loir-et-Cher 
2014,Beneath a Neon Tide,Hemsby Norfolk England 
2013,Bereullin,Namyangju Studio Complex Yangsuri Gyeonggi-do 
2011,Best Player,Heritage Woods Secondary School Port Moody British Columbia 
2004,Bet Your Life,Playhouse Square Center - 1501 Euclid Avenue Cleveland Ohio 
2016,Better,2636 Crenshaw Blvd Los Angeles California 
2013,Betty White Goes Wild,San Diego Zoo San Diego California 
1997,Beverly Hills Ninja,Hindu Temple - 1600 Las Virgenes Calabasas California 
2010,Bhoot and Friends,BEIL Ankleshwar Gujrat 
2010,Big Mouth,Porthcothan Cornwall England 
1986,Biggles,Holdenby House Holdenby Northamptonshire England 
2010,Bill Cunningham New York,The New York Times - 620 Eighth Avenue New York City New York 
2015,Billy the Kid,Oxford Oxfordshire England 
2008,Binyag,Patar Bolinao Pangasinan 
2014,Birdwatcher,Cheltenham Gloucestershire England 
2002,Bitter Sweet,Falmouth Cornwall England 
2009,Black Dynamite,Ladera Heights Los Angeles California 
1961,Blast of Silence,13th Street between Lexington Ave Manhattan New York City New York 
1994,Blown Away,Joy Street Boston Massachusetts 
1997,Blue Note - A Story of Modern Jazz,Studio Babelsberg Potsdam Brandenburg 
2003,Bocuse d'Or: A Chef's Dream,Lyon Rhône Rhône-Alpes 
1902,Bombardment of Newport,Fishers Island Long Island New York 
2003,Bon voyage,Jardin public Cours de Verdun Bordeaux Gironde 
2016,Bonds Movie,Watson Grove Woods Loganville Georgia 
2012,Born to Dance this Way,Melnitz Hall UCLA Los Angeles California 
1992,Bossanova Blues,Blackpool Lancashire England 
2013,Boy,AROS Aarhus Jylland 
1975,Brannigan,Tower Bridge London England 
1983,Breathless,University of California Berkeley California 
1998,Bride of Chucky,45 Parliament Street Toronto Ontario 
1957,Brooklyn Goes to Detroit,Cadillac Square Detroit Michigan 
2005,Brothers of the Head,Barningham Hall Norfolk England 
2011,Brutt,Long Island City Queens New York City New York 
2016,Buang,Quiapo Manila Metro Manila 
2000,Bullfighter,Alamo Village - Highway 674 Brackettville Texas 
1979,Butch and Sundance: The Early Days,Tent Rocks Cochiti Pueblo New Mexico 
1991,Buttman's European Vacation,Hotel Barbizon Palace Amsterdam Noord-Holland 
2013,CBS Presents: A New York Christmas to Remember at St. Paul the Apostle,225 E 67th Street New York City New York 
2015,Calming Dysphoria,Harvard University Cambridge Massachusetts 
1943,Canal grande,Cinecittà Studios Cinecittà Rome Lazio 
1915,Captivating Mary Carstairs,Oz Film Manufacturing Company Studios - Santa Monica Boulevard Hollywood Los Angeles California 
2006,Cards, Letters and Prayers,Cards New York 
2016,Carillion CDS Promotional Feature,Wolverhampton West Midlands England 
2003,Carry Me Home: The Story & Music of the Nathaniel Dett Chorale,Church of the Martyr Toronto Ontario 
1928,Carry on, Sergeant!,Carry on Ontario 
2011,Casimir Effect,Coal Exchange Cardiff South Glamorgan Wales 
1952,Casque d'or,Quartier de la Goutte d'Or Paris 18 Paris 
1967,Catalina Caper,Santa Catalina Island Channel Islands California 
2007,Catwalk Dogs,Teddington Middlesex England 
1988,Cavalli si nasce,Roscigno Vecchia Roscigno Salerno Campania 
1998,Celebrity,The Cherokee - 509 E. 77th Street Manhattan New York City New York 
1996,Centennial Olympic Games: Torch Relay Opening Ceremonies,Los Angeles Memorial Coliseum - 3911 S. Figueroa Street Exposition Park Los Angeles California 
1986,Chameli Ki Shaadi,Mehboob Studios Mumbai Maharashtra 
1967,Chanoc,Isla Mujeres Quintana Roo 
2015,Charlie, Trevor and a Girl Savannah,Charlie New York City New York 
2005,Children of the Mist: The Lost Tribe,Helensburgh Argyll and Bute Scotland 
2004,Chot [Aaj Isko, Kal Tereko],Chot [Aaj Isko Goregaon Mumbai Maharashtra 
2008,Christina Aguilera: Back to Basics - Live and Down Under,Adelaide Entertainment Centre - 98 Port Road Hindmarsh South Australia 
1911,Cintra, a Picturesque Town of Portugal,Cintra Lisbon 
2004,Cirque du Soleil: La Nouba,Walt Disney World Lake Buena Vista Florida 
1994,Clear and Present Danger,Andrews Air Force Base Camp Springs Maryland 
2005,Coach Carter,1433 West 7th Street Los Angeles California 
1940,Colorado,Vasquez Rocks Natural Area Park - 10700 W. Escondido Canyon Rd. Agua Dulce California 
1974,Come Fly with Us,JFK International Airport Jamaica Queens New York City New York 
2006,Coming Out, Volume 1,Coming Out California 
2014,Como me enseñaron las películas,Sevilla Sevilla Andalucía 
2012,Contra el tiempo,Málaga Málaga Andalucía 
1958,Costa Blanca,Castillo de Oliva castle Oliva Valencia Comunidad Valenciana 
2011,Cottonmouth,Doncaster South Yorkshire England 
2007,Cracked Eggs,Heygate Estate Southwark London England 
1990,Cross Fire,Central Junior High School Lawrence Kansas 
2005,Cry Wolf,Collegiate School - 103 N. Mooreland Rd Richmond Virginia 
1926,Cuento de lobos,Perlora Oviedo Asturias 
1971,Cáceres monumental,Guadalupe's state-run hotel Guadalupe Cáceres Extremadura 
1988,Da,Ardmore Studios Herbert Road Bray County Wicklow 
2006,Daddy's Girl,Cardiff Royal Infirmary Cardiff South Glamorgan Wales 
2013,Damn You, Ping Pong!,Damn You Viseu de Mijloc Maramures 
1989,Dana Paani,Essel Studios Mumbai Maharashtra 
1959,Danger Within,Chobham Common Surrey England 
2003,Dark,University of Chicago Hyde Park Chicago Illinois 
1947,Dark Passage,Warner Brothers Burbank Studios - 4000 Warner Boulevard Burbank California 
2009,Das Echo der Schuld,The Council House Bristol England 
1959,Das indische Grabmal,Lake Pichola Udaipur Rajasthan 
2002,Dave Matthews Band: Live at Folsom Field, Boulder, Colorado,Dave Matthews Band: Live at Folsom Field Boulder University of Colorado Boulder Colorado 
2009,David Guetta Feat. Kelly Rowland: When Love Takes Over,Venice Beach Los Angeles California 
2012,Dawn,Whitstable Kent England 
2000,Day Return,Liverpool Merseyside England 
1971,De mar a mar por los Pirineos,Isla de los Faisanes Guipúzcoa País Vasco 
2004,De-Lovely,Chiswick House Burlington Lane Chiswick London England 
2016,Dead Bullet,California Highway 1 Mugu Rock Ventura County California 
1981,Dead Ringer,Manhattan New York City New York 
2013,Dead Wrong,2215 Arkansas Ave. Conway Arkansas 
1972,Deadly Harvest,St. Helena Napa Valley California 
1971,Death by Invitation,Staten Island New York City New York 
1990,Debbie Gibson: Live Around the World,Omni Coliseum - 100 Techwood Drive NW Atlanta Georgia 
2018,Deep Sea Fishing,1806 Wine Bar Exhibition St Melbourne Victoria 
1986,Defence of the Realm,Haddenham Buckinghamshire England 
2003,Deine Lakaien - Live in Concert: White Lies-Tour 2002,Lindenpark Potsdam Brandenburg 
1921,Der Brunnen des Wahnsinns,Bavaria Studios Bavariafilmplatz 7 Geiselgasteig Grünwald Bavaria 
1993,Der Kinoerzähler,Babelsberg Potsdam Brandenburg 
2013,Der Passagier,Stölln Gollenberg Brandenburg 
1924,Der geheime Agent,May-Atelier Weißensee Berlin 
2016,Des nouvelles de la planète Mars,Studios de Bry - 2 avenue de l'Europe Bry-sur-Marne Val-de-Marne 
2017,Destination: Palm Trees, Art & Propaganda,Destination: Palm Trees Culver City California 
2010,Deutschland gegen Holland - Das Duell,Tempelhof Airport Tempelhof Berlin 
2000,Dhaai Akshar Prem Ke,Filmistan Studios Mumbai Maharashtra 
1971,Diamonds Are Forever,Skinny Bridge Amstel River Amsterdam Noord-Holland 
1962,Diciottenni al sole,Ischia Island Naples Campania 
1997,Didier,Aéroport Montpellier-Méditerranée Mauguio Hérault 
2002,Die Another Day,Penbryn Cardigan Wales 
1979,Die Feuersbrunst,Stadttheater Berndorf Berndorf Lower Austria 
1970,Die Helena des Euripides,Landestheater Linz Linz Upper Austria 
1964,Die Tote von Beverly Hills,Hollywood Los Angeles California 
2004,Die Walküre,Staatsoper Stuttgart Baden-Württemberg 
1932,Die nackte Wahrheit,Les Studios Paramount Joinville-le-pont Val-de-Marne 
1950,Dieu a besoin des hommes,Studios de Boulogne-Billancourt/SFP - 2 Rue de Silly Boulogne-Billancourt Hauts-de-Seine 
2002,Dil Hai Tumhaara,Famous Cine Lab & Studios Moses Rd Mumbai Maharashtra 
2005,Dirty,Hollywood Boulevard & Vine Street Hollywood Los Angeles California 
2002,Divya Drishti,NNP Colony Mumbai Maharashtra 
2007,Dlaczego nie!,Freta New Town Sródmiescie Warsaw Mazowieckie 
2013,Doctor Who: El Mundo Imperfecto,Barcelona Barcelona Catalonia 
1935,Doin' the Town,Biograph Studios Bronx New York City New York 
1919,Dombey and Son,Twickenham Middlesex England 
1959,Don't Panic Chaps,Walton Studios Walton-on-Thames Surrey England 
1999,Double Jeopardy,Vancouver Public Library 360 West Georgia Street Vancouver British Columbia 
1968,Dr. Satán y la magia negra,Iztapalapa Mexico City Distrito Federal 
1942,Drei tolle Mädels,Centro Sperimentale di Cinematografia Rome Lazio 
1999,Drive Me Crazy,Foothill Boulevard Salt Lake City Utah 
1973,Dronningens nytårstale,Christian 9.s palæ Amalienborg Copenhagen 
2001,Drowning Fish Drifts,Brooklyn New York City New York 
2017,Due Justice,Los Feliz Los Angeles California 
1994,Dulaara,Wilson College Chowpatty Mumbai Maharashtra 
1995,Dushmani: A Violent Love Story,Filmistan Studios Mumbai Maharashtra 
1970,E.M. Forster 1879-1970,Cambridge Cambridgeshire England 
2006,Easy Trouble,Irving Plaza Manhattan New York City New York 
2013,Eclosión y evolución del fanzine de genero en España,Zaragoza Zaragoza Aragón 
1988,Ek Hi Maqsad,Film City Goregaon Mumbai Maharashtra 
1953,El,Estudios Tepeyac Mexico City Distrito Federal 
1991,El gran reto - Lola la Trailera 3,Ensenada Airport Ensenada Baja California 
1993,El món no és perfecte,Sabadell Barcelona Catalonia 
1983,El pico,Bilbao Vizcaya País Vasco 
2004,Ella Enchanted,Kilruddery House Bray County Wicklow 
2008,Elliot's War,Sonoma Coast Sonoma County California 
1996,Emma,Syon House Syon Park Brentford Middlesex England 
1967,En sån strålande dag,Högfjällshotellet Sälen Dalarnas län 
1957,Enchanted Isles,Oban Argyll and Bute Scotland 
2002,Epiphany: Il inferno,Bellevue Hospital - 462 First Avenue Manhattan New York City New York 
1964,Ercole contro i figli del sole,Elios Studios Rome Lazio 
1970,Erinnerungen an die Zukunft,Palomar Observatory - State Route 76 Palomar Mountain California 
1966,Es funkeln die Sterne - Eine musikalische Silvesterreise um die Welt,Bavaria Studios Munich Bavaria 
2012,Espacio vacío,Bosque de Chapultepec Mexico City Distrito Federal 
1997,Event Horizon,Pinewood Studios Iver Heath Buckinghamshire England 
2011,Exploring Central China,Forbidden City Dongcheng District Beijing 
2007,Expresso,Waseley Hills Country Park Worcestershire England 
2008,Extreme Mind-Blowing Hotels,Lizzie Borden Bed & Breakfast Fall River Massachusetts 
1978,F.I.S.T,Hollywood Palladium - 6215 Sunset Blvd. Hollywood Los Angeles California 
1997,FairyTale: A True Story,Didcot Oxfordshire England 
2004,Fakers,Three Mills Studios Three Mill Lane Bow London England 
2006,Fanaa,Surajkund Gorakhpur Uttar Pradesh 
1982,Fanny och Alexander,Valvgatan Uppsala Uppsala Län 
1991,Father of the Bride,Cheval Bistro 41 South Delacy Street Pasadena California 
1999,Felicia's Journey,Birmingham West Midlands England Cinema and Theatre 
1986,Ferris Bueller's Day Off,Butternut Lane Northbrook Illinois 
1982,Festival of Mask,Hancock Park Los Angeles California 
2005,Fever Pitch,East Boston High School - 86 White Street East Boston Boston Massachusetts 
1998,Field of Bones,Belfast County Antrim Northern Ireland 
1974,Fiesta en el pueblo,Villa del Río Córdoba Andalucía 
2018,Fight 4 Your Life,Confidential Evaluations - Back Lot Sacramento California 
1982,Fighting Back,Botany Sydney New South Wales 
2016,Fin de semana,Zárate Buenos Aires Federal District 
2006,First Day High,Market! Market! Bonifacio Global City Taguig City Metro Manila 
1981,First Monday in October,Russell Senate Office Building - 100 Constitution Avenue Northeast Washington District of Columbia 
1955,Flickan i regnet,Sandrew-ateljéerna Gärdet Stockholm Stockholms län 
1999,Flores de otro mundo,Condemios de Arriba Guadalajara Castilla-La Mancha 
2008,Flush,Rijksmuseum Amsterdam Noord-Holland 
1941,Flying Cadets,Glendale Railroad Station 400 W. Cerritos Ave. Glendale California 
1972,Follow Me!,Sutton Place Guildford Surrey England 
2006,Foo Fighters: Hyde Park,Hyde Park London England 
2015,Fools Gold,Torquay Devon England 
1974,For Pete's Sake,Douglas Street Brooklyn New York City New York 
1981,For Your Eyes Only,Paleokastritsa Road Bouas-Danilia Village Corfu 
2005,Forsaken,California State University Northridge - 18111 Nordhoff Street Northridge Los Angeles California 
1974,Four Motion Studies,Coney Island Brooklyn New York City New York 
2017,Fox Pointe,Old Zoo Griffith Park - 4730 Crystal Springs Drive Los Angeles California 
2008,Frankie Howerd: Rather You Than Me,The Butts Brentford Middlesex England 
1972,Fratello sole, sorella luna,Fratello sole Rome Lazio 
1993,Free Willy,Oaks Amusement Park - 7805 SE Oaks Park Way Portland Oregon 
1994,Fresh,Brownsville Brooklyn New York City New York 
2009,Friday the 13th,1370 Chestnut Street Bastrop Texas 
1987,Full Metal Jacket,Beckton Gasworks Beckton London England 
1960,G.I. Blues,König-Adolf-Platz Idstein Hessen 
2009,Gallit Gondhal, Dillit Mujra,Gallit Gondhal Maharashtra 
2002,Gamle mænd i nye biler,Flyvestation Værløse Værløse Sjælland 
1989,Gangs, Cops & Drugs,Gangs California 
1905,Garland Dance, Vevey Fete,Garland Dance Canton de Vaud 
1955,Gas-oil,Ateliers ACC 32 rue du Pré la Reine Clermont-Ferrand Puy-de-Dôme 
1976,Gator,River Street Savannah Georgia 
2007,Gaynster - La gran funa 2,Ferrara Ferrara Emilia-Romagna 
1980,Gefangene Frauen,Sonnenberg Zürich Kanton Zürich 
1966,Georgy Girl,Rosslyn Hill Hampstead London England 
1993,Geronimo,Triangle T Guest Ranch - 4190 Dragoon Road Dragoon Arizona 
1971,Get Carter,High Level Bridge Newcastle-upon-Tyne Tyne & Wear England 
1956,Ghost Town,Johnson Canyon Kanab Utah 
2016,Gilda, no me arrepiento de este amor,Gilda Buenos Aires Federal District 
1936,Girl of the Ozarks,Big Bear Lake Big Bear Valley San Bernardino National Forest California 
1941,Glimpses of Kentucky,Frankfort Cemetery - 215 E. Main Street Frankfort Kentucky 
2017,God Bless the Broken Road,Berlin Raceway - 2060 Berlin Fair Dr. Marne Michigan 
2013,Gods Behaving Badly,JC Studios Brooklyn New York City New York 
1990,Going Under,Warner Hollywood Studios - 7200 Santa Monica Boulevard West Hollywood California 
2001,Golden Dreams,Yosemite Valley Yosemite National Park California 
1961,Goodbye Again,Quai Saint-Michel Paris 5 Paris 
2016,Goodbye, Ohio,Goodbye Ohio 
1954,Gorilla at Large,Nu Pike Amusement Park Long Beach California 
2015,Graham Street Market HK,Graham Street Central Hong Kong 
1978,Grease,Venice Los Angeles California 
2005,Green River Killer,Pacific Palisades Los Angeles California 
2009,Grey Gardens,Valley Halla Estate Rouge Park Toronto Ontario 
2009,Habibi,Manhattan New York City New York 
2007,Hairspray,2201 Dundas Street West Toronto Ontario 
2004,Haletudsen,Flyvestation Værløse Værløse Sjælland 
1978,Halloween,The Frame Shop - 964 Mission Street South Pasadena California 
1967,Hamburg im Lincoln Center,Lincoln Center - 10 Lincoln Center Plaza Manhattan New York City New York 
2002,Hansel & Gretel,Warner Brothers Burbank Studios - 4000 Warner Boulevard Burbank California 
2013,Happy Family,Chinatown Manhattan New York City New York 
1998,Hard,El Portal Theatre - 5269 Lankershim Boulevard North Hollywood Los Angeles California in beginning of film 
2016,Hardwell: Run Wild,Ronda Málaga Andalucía 
2015,Harry & Snowman,Nederland Farm Dyke Virginia 
2001,Harry Potter and the Sorcerer's Stone,Picket Post Close Martin's Heron Bracknell Berkshire England 
1913,Hawaiian Love,Honolulu O'ahu Hawaii 
1897,Head of Procession Including Bluejackets,Westminster Bridge Westminster London England 
2009,Heartless,East London London England 
1997,Heaven's Burning,St. Vincent Street Port Adelaide South Australia 
2007,Heber Holiday,Air Center of Salt Lake - 7365 S. 4450 W. West Jordan Utah 
2009,Hellraiser: Deader - Winter's Lament,Mount Sinai Long Island New York 
2015,Here and After,North Carolina Transportation Museum Spencer North Carolina 
1965,Herr Iwan,DEFA-Studio für Spielfilme Babelsberg Potsdam Brandenburg 
2005,High Midnight,Hollywood Los Angeles California 
2009,Highly Confidential,Greenpoint Brooklyn New York City New York 
1971,Historia de una chica sola,Esplugues de Llobregat Barcelona Catalonia 
1984,History Trust Promotional Video,South Australian Constitutional Museum North Terrace Adelaide South Australia 
2005,Hitman,Milton Keynes Buckinghamshire England 
2010,Hollywood Auratic,CBS Columbia Square - 6121 Sunset Blvd. Hollywood Los Angeles California 
1965,Hollywood My Home Town,Warner Brothers Studios - 5800 Sunset Blvd. Hollywood Los Angeles California 
1994,Hoop Dreams,Marshall Metropolitan High School 3250 W. Adams Street Chicago Illinois 
2016,Horsens Statsfængsel MC,Horsens Statsfængsel Horsens Jylland 
1957,Hour of Decision,Neffield Studios Middlesex England 
1904,How a French Nobleman Got a Wife Through the 'New York Herald' Personal Columns,Upper West Side Manhattan New York City New York 
2017,How to Catch a Feeling and When to Let It Go,Boy Scout Camp Rd Frazier Park California exteriors 
1984,Howard Jones: Like to Get to Know You Well,High Wycombe Town Hall High Wycombe Buckinghamshire England 
1975,Hu-Man,Place de la Concorde Paris 8 Paris 
1947,Hue and Cry,River Thames London England 
2015,Hôtel La Louisiane,Théâtre du Nouveau Monde Montréal Québec 
1966,I Deal in Danger,Bel-Air Bay Club - 16801 Pacific Coast Hwy Pacific Palisades Los Angeles California 
1953,I Love Melvin,Metro-Goldwyn-Mayer Studios - 10202 W. Washington Blvd. Culver City California 
1998,I Still Know What You Did Last Summer,Downtown Los Angeles California 
2011,I Will Love You, Forever,I Will Love You California 
1970,I clowns,Ostia Rome Lazio 
2015,IOCUM: The Movie,Castellón de la Plana Castellón Comunidad Valenciana 
2007,If It Ain't Stiff,Camden Town Camden London England 
1975,Il bianco il giallo il nero,Polopos Almería Andalucía 
2000,Il compromesso - La tomba di Giulio II e la tragedia di Michelangelo,San Pietro Rome Lazio 
1961,Il ladro di Bagdad,Titanus Studios Rome Lazio 
1996,Il molo di ottobre,Torre a Mare Bari Apulia 
1955,Il segno di Venere,Pincio Rome Lazio 
2009,Imagining Love,Manchester Greater Manchester England 
1969,Imágenes del deporte Nº 8,Bilbao Vizcaya País Vasco 
1975,In Celebration,EMI Elstree Studios Borehamwood Hertfordshire England 
2013,In Un Mondo Violento,Corato Bari Apulia 
2015,In the Details,Miramesa San Diego California 
2013,Incitement,Queens New York City New York 
1984,Indiana Jones and the Temple of Doom,Mooney Falls Havasupai Indian Reservation Arizona 
1992,Indochine,Maison des étudiants de l'Asie du Sud-Est Cité Universitaire Paris 
1969,Infanzia, vocazione e prime esperienze di Giacomo Casanova, veneziano,Infanzia vocazione e prime esperienze di Giacomo Casanova Castello Venice Veneto 
1939,Inside Information,Universal Studios - 100 Universal City Plaza Universal City California 
2009,Instante,Batu Caves Gombak Selangor 
2003,Intensidad,Santa Cruz de la Palma La Palma Tenerife Canary Islands 
2015,Intervention,2201 N Beachwood Dr. Los Angeles California 
2015,Intrusion,Ascot Berkshire England 
1978,Invasion of the Body Snatchers,Union Square San Francisco California 
2010,Iron Man 2,D.C. Stages 1360 East 6th Street Downtown Los Angeles California 
2004,Isle of Skye,Scottish TV Studios Renfield Street Glasgow Strathclyde Scotland 
1994,It Could Happen to You,Trump Tower - 725 Fifth Avenue Manhattan New York City New York 
1980,It Rained All Night the Day I Left,Sonolab Studio Montréal Québec 
1996,J.R.R.T.: A Film Portrait of J.R.R. Tolkien,Oxford Oxfordshire England 
2005,Jack, the Last Victim,Jack England 
1954,Jail Bait,Alhambra California 
2012,James,Brighton East Sussex England 
2013,Jan Broberg's Guide to Thespians, Sociopaths & Scream Queens,Jan Broberg's Guide to Thespians New York 
2003,Jane Millionaire,Northridge Los Angeles California 
1965,Janwar,Kufri Simla Himachal Pradesh 
2009,Jarin: A Fable by Jim, Knute and Red,Jarin: A Fable by Jim Carson City Nevada 
2013,Jasper van Kuijk: 't Kan nie op,Theater De Lievekamp Oss Noord-Brabant 
2008,Jay,Tondo Manila Metro Manila 
2011,Jeff Dunham: Controlled Chaos,Landmark Theater Richmond Virginia 
2013,Jeremy,Fort Greene Brooklyn New York City New York 
1971,Jesús, nuestro Señor,Jesús San Juan Ixtayopan Mexico City 
1942,Joe Smith, American,Joe Smith California 
2010,Jonah Hex,Port of Los Angeles Los Angeles California 
1980,Judaai,Annapoorna Studios Hyderabad Telangana 
2004,Juicy,Harlem Manhattan New York City New York 
2009,Julie & Julia,9-17 40th Ave Queens New York 
2013,June 26th,Van Nuys Los Angeles California 
2010,Justin Bieber: Baby,Mack Sennett Studios Los Angeles California 
1978,Kaala Aadmi,Natraj Studios Mumbai Maharashtra 
2010,Karate Hyung of Chayon-Ryu,Chayon-Ryu World Headquarters Houston Texas 
2009,Kate Gosselin Match.Com Profile Parody,Hollywood Los Angeles California 
1991,Kaun Kare Kurbanie,Natraj Studios Mumbai Maharashtra 
1941,Keep 'Em Flying,Cal-Aero Academy Chino Airport - 7000 Merrill Avenue Chino California 
1988,Kenny G: Silhouette,Wiltern Theater - 3790 Wilshire Boulevard Los Angeles California 
1969,Kes,Skiers Spring Colliery Broad Carr Road Hoyland South Yorkshire England 
1998,Kidnapping - Ein Vater schlägt zurück,Alberese Grosseto Tuscany 
2011,Kill Keith,Pinewood Studios Iver Heath Buckinghamshire England 
2014,Kill the Messenger,Former Georgia Archives Building Atlanta Georgia 
1954,Killer Leopard,Los Angeles County Arboretum & Botanic Garden - 301 N. Baldwin Avenue Arcadia California 
2014,Kiss of Vengeance,Downtown Los Angeles California 
2015,Knock Knock, It's Tig Notaro,Knock Knock California 
2018,KonTiki Project,Università di Pisa Pisa Tuscany 
1994,Krummerne 3 - fars gode idé,Maglegårdsskolen Hellerup Sjælland 
2008,Käsky,Brinkhall Manor Kakskerta Turku 
1969,Küss mich, Monster,Küss mich Murcia 
2009,L'Incoronazione di Poppea,Glyndebourne Lewes East Sussex England 
1979,L'albero della maldicenza,Collepardo Frosinone Lazio 
1993,L'arbre, le maire et la médiathèque,L'arbre Vendée 
1973,L'insolent,Prison de la Santé - 42 Rue de la Santé Paris 14 Paris 
1991,L.A. Story,Tunnel beneath the 6th Street Viaduct Downtown Los Angeles California 
1934,La alegría que pasa,Seva Barcelona Catalonia 
1999,La carnada,Santa Rosa Chiclayo Lambayeque 
1968,La costa del Sol,Cabo de Gata Almería Andalucía 
2011,La délicatesse,Métro Rome - Ligne 2 Boulevard des Batignolles Paris 17 Paris 
2009,La plancha,San Telmo Buenos Aires Federal District 
1968,La prisonnière,8 Avenue Montaigne Paris 8 Paris 
1978,La ràbia,Espinama Santander Cantabria 
2002,La serpiente de dos cabezas,Santa Cristina d'Aro Girona Catalonia 
1946,La tentation de Barbizon,Studios de Boulogne Avenue Jean-Baptiste Clément Boulogne-Billancourt Hauts-de-Seine 
2018,La tribu,Badalona Barcelona Catalonia 
2015,Laakhon Hain Yahan Dilwaley,Madh Island Mumbai Maharashtra 
1948,Ladri di biciclette,Citta Valmelaina Via Salaria Rome Lazio 
1936,Lady Luck,Universal Studios - 100 Universal City Plaza Universal City California 
2010,Largo Camino al Flamenco,Tomelloso Ciudad Real Castilla-La Mancha 
2005,Las cerezas del cementerio,Rocafort Valencia Comunidad Valenciana 
2010,Las imágenes perdidas. La otra mirada,Vigo Pontevedra Santiago Galicia 
2007,Lascia perdere, Johnny!,Lascia perdere Campania 
2013,Last Vegas,Brooklyn Bridge New York City New York 
2015,Latin Lover,Monteroni di Lecce Lecce Apulia 
1901,Launch of Shamrock II,Dumbarton West Dunbartonshire Scotland 
2002,Le bruit, l'odeur et quelques étoiles,Le bruit Haute-Garonne 
1972,Le charme discret de la bourgeoisie,Rue de Franqueville Passy-La-Muette District Paris 
1976,Le corps de mon ennemi,Rue de Paris Lille Nord 
1936,Le nouveau testament,Studios de Saint-Maurice Saint-Maurice Val-de-Marne 
2013,Legacy,Aberystwyth Cardigan Wales 
1972,Lejos de los árboles,Marín Pontevedra Galicia 
1970,Leo the Last,Cine Tele Sound Studios Ltd. London England 
2012,Les Misérables,Frithsden Beeches Hertfordshire England 
2013,Les beaux jours,Bar Européen's Pub 7 Place Charles Valentin Dunkerque Nord 
1958,Les tricheurs,Avenue des Champs-Élysées Paris 8 Paris 
2010,Les émotifs anonymes,Château de Montgeroult - 9 Rue du Fruchot Montgenoult Val-d'Oise 
2014,Let Them Have Their Way,East Aurora New York 
2012,Letter to the Unborn,Hollywood Los Angeles California 
2010,Life Happens...,Cabot Circus Bristol England 
2011,Life in Movement,Paramatta Riverside Theatre Sydney New South Wales 
1934,Lilies of the Field,Swinbrook Oxfordshire England 
2005,Lincoln,Gettysburg National Military Park - 97 Taneytown Road Gettysburg Pennsylvania 
1991,Little Man Tate,Upham Hall Miami University Oxford Ohio 
1999,Live from the Hollywood Bowl,Hollywood Los Angeles California 
1995,Local Heroes: Baseball on Capital Region Diamonds,Yankee Stadium - E. 161st Street & River Avenue Bronx New York City New York 
1998,Lock, Stock and Two Smoking Barrels,Lock London England 
1951,Locuras, tiros y mambos,Locuras Federal District 
2014,London to Hastings,London Bridge London England 
2003,Los Angeles Plays Itself,Hollywood Sign Hollywood Hills Los Angeles California 
2012,Louis Vuitton: LA Is a Man,Chateau Marmont - 8221 Sunset Blvd. Hollywood Los Angeles California 
1927,Love,Metro-Goldwyn-Mayer Studios - 10202 W. Washington Blvd. Culver City California 
2014,Lucy,Studios de Paris La Cité du Cinéma Saint-Denis Seine-Saint-Denis 
1949,Lust for Gold,Lost Dutchman State Park - 6109 N. Apache Trail Apache Junction Arizona 
2013,M is for Mort, La Petite,M is for Mort Ontario 
1979,Mad Max,Southern Car Park University of Melbourne Parkville Victoria 
2010,Made in Dagenham,Civic Centre Dagenham Essex England 
1973,Magnum Force,Cost Plus World Market - 2552 Taylor Street San Francisco California 
1975,Mahogany,Marshall Field & Co. Department Store - 111 N. State Street The Loop Downtown Chicago Illinois 
1945,Majdanek - cmentarzysko Europy,Majdanek Lublin Lubelskie 
1941,Mamma,Cinecittà Studios Cinecittà Rome Lazio 
2018,Man Man: Chapter One,Flex N Finesse Elizabeth City North Carolina 
1961,Man nennt es Amore,Taormina Messina Sicily 
1953,Man on a Tightrope,Bavaria Studios Bavariafilmplatz 7 Geiselgasteig Grünwald Bavaria 
2002,Margaret Cho: Notorious C.H.O.,The Paramount Theatre - 911 Pine Street Seattle Washington 
2006,Maxed Out: Hard Times, Easy Credit and the Era of Predatory Lenders,Maxed Out: Hard Times Nevada 
2004,Mean Girls,University College University of Toronto Toronto Ontario 
2002,Media Lounge 2,Hochschule der Medien Stuttgart Stuttgart Baden-Württemberg 
2014,Mefistofele,War Memorial Opera House San Francisco War Memorial & Performing Arts Center - 401 Van Ness Avenue Civic Center San Francisco California 
2003,Mein erster Freund, Mutter und ich,Mein erster Freund Baden-Württemberg 
1985,Mensch, Tegtmeier!,Mensch Berlin 
1995,Miami Rhapsody,Collins Avenue Miami Beach Florida 
2013,Midnight Hour,Gillingham Kent England 
2006,Min frus förste älskare,Södermalm Stockholm Stockholms län 
1969,Miradas,Donostia-San Sebastián Guipúzcoa País Vasco 
1965,Moja ulica,Twarda Wola Warsaw Mazowieckie 
2003,Moloko: Forever More,London England 
1990,Moon 44,Old factory building Magstadt Baden-Württemberg 
2017,Moonlighter,Treasure Island San Francisco Bay California 
1960,Moros y cristianos,Alcoy Alicante Comunidad Valenciana 
1930,Mr. Intruder,Vitaphone Studios Brooklyn New York City New York 
1996,Mrs. Santa Claus,Universal Studios - 100 Universal City Plaza Universal City California 
2011,Mugsey Goes Plough Inn,Newton Abbot Devon England 
2008,Mulheres Sexo Verdades Mentiras,Ipanema Rio de Janeiro Rio de Janeiro 
2005,Mumbai Godfather,Kamal Amrohi Studios Mumbai Maharashtra 
1999,Munnibai,Chandivali Studio Mumbai Maharashtra 
1946,Murder in the Music Hall,Republic Studios Hollywood Los Angeles California 
1994,Muriel's Wedding,Darling Harbour Sydney New South Wales 
2012,Must Be a Zombie Apocalypse,Corner Brook Newfoundland Newfoundland and Labrador 
2008,My Best Friend's Girl,Crane Beach Ipswich Massachusetts 
2007,My Brother & Me,Manhattan New York City New York 
2017,My Cousin Rachel,West Horsley Place West Horsley Surrey England 
1964,My Fair Lady,Stage 11 Warner Brothers Burbank Studios - 4000 Warner Boulevard Burbank California 
2009,My One and Only,Bonanza Creek Ranch - 15 Bonanza Creek Lane Santa Fe New Mexico 
2011,My Week with Marilyn,Saltwood Castle Saltwood Kent England 
2016,Mysteria,Ottersum Limburg 
1991,Nad rzeka, której nie ma,Nad rzeka Slaskie 
2008,Nancy LaMott: I'll Be Here with You,Palace Theater - 1564 Broadway Manhattan New York City New York 
2004,National Treasure,Trinity Church - 79 Broadway Financial District Manhattan New York City New York 
1988,Ne réveillez pas un flic qui dort,Orly Airport Orly Val-de-Marne 
2010,Nenäpäivä-show,YLE TV2 Studios Tohloppi Tampere 
2015,Nerd,Brooklyn New York City New York 
1921,Never Weaken,Hal Roach Studios - 8822 Washington Blvd. Culver City California 
2001,New Port South,218 N. 2nd Street Libertyville Illinois 
1971,Nie lubie poniedzialku,Aleje Jerozolimskie Sródmiescie Warsaw Mazowieckie 
2014,Night Terrors,1601 Main Street Lafayette Indiana 
1937,Night of Mystery,Paramount Studios - 5555 Melrose Avenue Hollywood Los Angeles California 
2011,Night of the Pumpkin,Levittown Long Island New York 
2005,Nightstalkers, Daywalkers, and Familiars: Inside the World of 'Blade Trinity',Nightstalkers Daywalkers British Columbia 
2004,Nine Dog Christmas,North Hollywood Los Angeles California 
2014,Ninja Torakage,Yabata Iga City Mie Prefecture 
2015,No Fear on Wheels,Lancaster Lancashire England 
2014,No Man Is an Island,Pentre Shrewsbury Shropshire 
2011,No Strings Attached,Mountain View Cemetery - 2400 N. Fair Oaks Altadena California 
2014,No me llames fotógrafo de guerra,The New York Times Company - 229 West 43rd Street Manhattan New York City New York 
1979,Nocturna,Brooklyn Bridge New York City New York 
1959,Noi siamo due evasi,LUCE Studios Rome Lazio 
1921,Not Guilty,Hollywood Center Studios - 1040 N. Las Palmas Avenue Hollywood Los Angeles California 
2011,Nutshell,Bournemouth Dorset England 
1985,Obsessed with a Married Woman,YMCA 306 Loma Dr. Los Angeles California 
1983,Octopussy,RAF Lakenheath Suffolk England 
1981,Okey, Mister Pancho,Okey Tamaulipas 
2003,Old School,Murphy Sculpture Garden - 10899 Wilshire Boulevard UCLA Westwood Los Angeles California 
1973,Olsen-banden går amok,Asta Nielsen Strædet Valby Copenhagen 
1959,On the Beach,General Post Office Melbourne Victoria 
2004,One Perfect Day,Richmond Melbourne Victoria 
2017,One Week Later: Mars,Tamworth Staffordshire England 
1933,Only Yesterday,Universal Studios - 100 Universal City Plaza Universal City California 
1952,Oppåt med gröna hissen,Strandvägen Östermalm Stockholm Stockholms län 
2010,Oranges and Sunshine,Nottingham Nottinghamshire England 
2008,Otis,Linda Vista Apartments 939 S. Serrano Ave. Los Angeles California 
2016,Our Kind of Traitor,Dorchester Hotel Park Lane Mayfair London England Bern 
1946,Our Old Car,Metro-Goldwyn-Mayer Studios - 10202 W. Washington Blvd. Culver City California 
2011,Ourhouse, Episode 2: 'Class',Ourhouse London England 
1998,Out of Sight,Universal Studios - 100 Universal City Plaza Universal City California 
1939,Outpost of the Mounties,Cedar Lake Big Bear Valley San Bernardino National Forest California 
2013,Oxenhall in Four Seasons,Castle Fruit Farm Castle Tump Oxenhall Gloucestershire England 
2006,P.J. Harvey on Tour: Please Leave Quietly,Hammersmith Apollo Hammersmith London England 
1970,Pacific Vibrations,Point Conception Lompoc California 
1998,Palisades Amusement Park, a Century of Fond Memories,Palisades Amusement Park New Jersey 
1990,Paradise Lost: Live Death,Bradford West Yorkshire England 
1998,Pardesi Babu,Ooty Tamil Nadu It is loacated at Ooty 
1989,Parneviks oscarsparty,Oscarsteatern Kungsgatan Norrmalm Stockholm Stockholms län 
2015,Paul Blart: Mall Cop 2,Wynn Las Vegas - 3131 Las Vegas Blvd South Las Vegas Nevada 
1974,Per la dolce memoria di quel giorno,Giardino di Boboli Florence Tuscany 
2016,Personal Shopper,King's Cross London England 
2017,Phantom Thread,Blackpool Tower Ballroom Blackpool Lancashire England 
1994,Phoenix Festival,Long Marston Stratford Upon Avon England 
2016,Pi Day Die Day,Monclova Community Center - 8115 Monclova Rd Monclova Ohio 
2012,Pick a Card, Any Card,Pick a Card Manitoba 
1958,Pigulki dla Aurelii,WFF Film Studio Wroclaw Dolnoslaskie 
1937,Pioggia d'estate,Massaciuccoli lake Lucca Tuscany 
1973,Pirineo de Huesca,Lárrede Huesca Aragón 
2009,Platform,Canterbury Kent England 
2011,Playmate Casting Call: The Mansion,Playboy Mansion - 10236 Charing Cross Road Holmby Hills Los Angeles California 
1991,Point Break,Pacific Coast Highway Malibu California 
2012,Polaris,Fraserburgh Aberdeenshire Scotland 
1946,Por tierras de Don Quijote,Lagunas de Ruidera Ciudad Real Castilla-La Mancha 
2014,Pornocopia,2935 South Industrial Road Mission Control Studio Las Vegas Nevada 
1999,Potions, Ails and Smallpox Tales,Potions Williamsburg Virginia 
1945,Prairie Rustlers,Corriganville Ray Corrigan Ranch Simi Valley California 
1990,Predator 2,Roof of the Artisan House Building. 604 South Main Street Los Angeles California 
1994,Presagio - April 22, 1994,Presagio - April 22 Lombardia 
2010,President Sunyol,Barcelona Barcelona Catalonia 
2005,Pride 29: Fists of Fire,Saitama Super Arena - 8 Shintoshin Chuo Ward Saitama City Saitama Prefecture 
2014,Primal,Syosset Long Island New York 
1981,Prince of the City,La Isla Restaurant - 1439 Myrtle Avenue Bushwick Brooklyn New York City New York 
2017,Prisoners and Pups,Adelaide Women's Prison Grand Junction Road Northfield South Australia 
1985,Prizzi's Honor,Lawrence Avenue Brooklyn New York City New York 
2014,Project Potemkin: Just Once,Stellar Video Services Albany Georgia 
2014,Prostitution: What's the Harm?,Liverpool Merseyside England 
2001,Przedwiosnie,University of Warsaw Main Campus Krakowskie Przedmiescie Sródmiescie Warsaw Mazowieckie 
1996,Pseudo Realities,Snowdonia Gwynedd Wales 
2010,Psycho Ranger,Derby Derbyshire England 
2001,Pyaar Ishq Aur Mohabbat,Broadwood Stadium Cumbernauld North Lanarkshire Scotland 
1939,Quiet, Please,Quiet Burbank California 
1936,Raggen - det är jag det,Tour Eiffel Champ de Mars Paris 7 Paris 
1986,Rainbow Brite: San Diego Zoo Adventure,San Diego Zoo San Diego California 
1952,Rancho Notorious,Western Street Republic Studios - 4024 Radford Avenue North Hollywood Los Angeles California 
2006,Raped,Blackpool Lancashire England 
1986,Rated Sex,Chinatown San Francisco California 
2004,Ray,Civic Theatre - 533 Baronne Street New Orleans Louisiana 
1955,Razzia sur la chnouf,Place de l'Étoile Paris 8 Paris 
1941,Reaching for the Sun,Big Bear Lake Big Bear Valley San Bernardino National Forest California 
1969,Rebus,The Playboy Club Park Lane Mayfair London England 
2010,Recuerdos de ceniza,Marbella Málaga Andalucía 
2017,Red Hood: Return of Jason Todd,San Pedro Los Angeles California 
1967,Regadíos del sur,Embalse de Bembézar Hornachuelos Córdoba Andalucía 
2012,Regression Post Panic Film,Esparraguera Barcelona Catalonia 
2003,Return to Kitty Hawk: 100 Years of Flight,Wright Brothers National Monument - Route 158 Kill Devil Hills North Carolina 
1984,Revenge of the Nerds,Old Main University of Arizona Tucson Arizona 
1903,Review at Aldershot,Aldershot Hampshire England 
1945,Rhythm of the Rhumba,Warner Brothers Burbank Studios - 4000 Warner Boulevard Burbank California 
2003,Rien que du bonheur,21 rue Boulard Paris 14 Paris 
1983,Risky Business,Niles East High School - 7700 Lincoln Avenue Skokie Illinois 
1987,Ritter, Dene, Voss,Ritter Dene Vienna 
2015,Road Games,St. Clere Estate Heaverham Kent England 
1987,RoboCop,Plaza of the Americas - 700 N. Pearl Street Dallas Texas 
1992,Rock and Roll Fantasy,Encino Los Angeles California 
2018,Rocket Club,Haleiwa O'ahu Hawaii 
1985,Romance on the Orient Express,Leeds West Yorkshire England 
1951,Rome, the Eternal City,Rome Rome Lazio 
2001,Rosamunde Pilcher: Blumen im Regen,Padstow Cornwall England 
1952,Royal Heritage,Hyde Park London England 
1903,Rural Wagon Giving Mail to Branch, U.S.P.O.,Rural Wagon Giving Mail to Branch Maryland 
1941,Rías Bajas Gallegas. Volando sobre España - Número 4,Cambados Pontevedra Galicia 
2003,S.W.A.T.,Hollywood Los Angeles California 
2000,Saint-Cyr,Abbaye-aux-Dames Caen Calvados 
2003,Sala Bandar!,Chandivali Studio Mumbai Maharashtra 
1946,Santa Fe Uprising,Iverson Ranch - 1 Iverson Lane Chatsworth Los Angeles California 
1983,Satan ist auf Gottes Seite,Bavaria Studios Bavariafilmplatz 7 Geiselgasteig Grünwald Bavaria 
1977,Saturday Night Fever,86th Street Brooklyn New York City New York 
2012,Savages,Rat Beach Torrance California 
2018,Saved by Death,9610 Cliffdale Rd Fayetteville North Carolina 
2005,Schattenväter,Schauspielhaus Bochum Bochum North Rhine-Westphalia 
2001,School Killer,Tablada Guadarrama Madrid 
1992,Schtonk,Alsterpavillon Jungfernstieg Altstadt Hamburg-Mitte Hamburg 
1964,Seance on a Wet Afternoon,Berwick Street Soho London England 
2003,Searching for Wooden Watermelons,Jefferson Theatre - 345 Fannin Street Beaumont Texas 
1968,Sebastian,Twickenham Film Studios St Margarets Twickenham Middlesex England 
1999,Second Date,Grounds for Coffee - 2565 Alma Street Vancouver British Columbia 
1985,Secret Admirer,Port of Long Beach Long Beach California 
2017,Secret in Provence,Big Bear City San Bernardino National Forest California 
2010,Secrets of the Content,Blackheath London England 
1989,See No Evil, Hear No Evil,See No Evil NY New York 
1951,Seul dans Paris,Studios de la rue Francoeur Paris 18 Paris 
1971,Sex-Export aus Amsterdam,Hollywood Los Angeles California 
2009,Shadow Man,Hollywood Los Angeles California 
2008,Shelter,Cheyenne Studios - 27567 Fantastic Lane Castaic California 
2009,Sherlock Holmes,Williamsburg Brooklyn New York City New York 
2012,Shiloh: Fiery Trial,Shiloh National Military Park - 1055 Pittsburg Landing Road Shiloh Tennessee 
2016,Shoes,Los Angeles California 
2014,Short Term 12: Making the Music,Habitat House San Diego California 
1995,Showgirls,Spago The Forum Shops Caesars Palace - 3570 Las Vegas Boulevard South Las Vegas Nevada 
2012,Shuffle,University of California Irvine California 
1944,Silent Partner,Republic Studios Hollywood Los Angeles California 
2007,Silk,Cinecittà Studios Cinecittà Rome Lazio 
2009,Simon & Malou,Gamla Stan Stockholm Stockholms län 
2005,Singha Tennis Classic,Tarzana Los Angeles California 
2016,Sinister Nicky,Derby Derbyshire England 
1948,Sitting Pretty,Stage 3 20th Century Fox Studios - 10201 Pico Blvd. Century City Los Angeles California 
1982,Six Pack,Stone Mountain - Highway 78 Stone Mountain Georgia 
2015,Slice,Manhattan New York City New York 
1936,Soak the Rich,Eastern Service Studios Astoria Queens New York City New York 
2005,Soccer of the Dead,Milton Keynes Buckinghamshire England 
2008,Soldier of Fortune,The Hitching Post Fegenbush Lane Lousiville Kentucky 
1944,Som folk är mest,Sandrew-ateljéerna Gärdet Stockholm Stockholms län 
2011,Something Old, Something New,Something Old British Columbia 
2004,Somewhere, Anywhere, Everywhere,Somewhere Anywhere 
1982,Sophie's Choice,Prospect Park Brooklyn New York City New York 
1912,Sorrento,Sorrento Naples Campania 
1976,Sparkle,Stage 24 Warner Brothers Burbank Studios - 4000 Warner Boulevard Burbank California 
2006,Split Decision,Magee Secondary School Vancouver British Columbia 
1983,Spring Break,Fort Lauderdale Beach Boulevard Fort Lauderdale Florida 
2002,Star Trek: Nemesis,Paramount Studios - 5555 Melrose Avenue Hollywood Los Angeles California 
2000,Stars and Bras,Cannes Film Festival Cannes Alpes-Maritimes 
2009,State of Play,Key Bridge Georgetown Washington District of Columbia 
2002,Statsministerens nytårstale,Marienborg Lyngby Sjælland 
1979,Steam Into Summer,Staverton Bridge Station Dart Valley Railway Devon England 
2015,Steely Eyed Samurai,Madaket Road Nantucket Massachusetts 
1998,Stepmom,Manhattan New York City New York 
2001,Stickmen,Courtney Place Wellington Central Business District Wellington 
1982,Still of the Night,2 E. 82nd St. New York City New York 
1980,Stir Crazy,Art Deco Gas Station 648 N. Stone Tucson Arizona 
1965,Stop the Wave, I Want to Get Off,Stop the Wave O'ahu Hawaii 
2015,Storms,Westchester Los Angeles California 
2013,Stress scolaire: L'obsession de l'excellence,Lycée Carnot Paris 17 Paris 
2007,String Theory,Toula Restaurant Toronto Ontario 
2004,Subdivision, Colorado,Subdivision Colorado 
1972,Sucedió en Jalisco,Teotihuacán San Juan Teotihuacán Estado de México 
2010,Sugababes: Camden Crawl Live,Camden London England 
2014,Summum Bonum,Brooklyn New York City New York 
2009,Suomen historian myytit: Talvisota,Helsingin rautatieasema Kaivokatu Helsinki 
1997,Super Bowl XXXI,Superdome - 1500 Poydras Street New Orleans Louisiana 
2004,Super Size Me,Northview Middle School Indianapolis Indiana 
2013,Sushi Girl: A Documentary,Century City Los Angeles California 
1973,Sutjeska,Crno Jezero Mountain Durmitor Montenegro 
1978,Sweeney 2,Seagrave Road Chelsea London England 
1992,Tahalka,Filmistan Studios Mumbai Maharashtra 
1975,Take a Hard Ride,Teide National Park Tenerife Canary Islands 
2014,Tariro,Southport Merseyside England 
1960,Tarzan the Magnificent,Shepperton Studios Shepperton Surrey England 
2006,Tathastu,Yerwada Jail Pune Maharashtra 
1898,Tearing Down the Spanish Flag,Brooklyn New York City New York 
2012,Ted,48 Chestnut St Chelsea Massachusetts 
1989,Teen Witch,Griffith Park - 4730 Crystal Springs Drive Los Angeles California 
2013,Teer,Fretzdorf Wittstock Brandenburg 
1977,Tentacoli,Point Loma San Diego California 
2000,Terror Tract,Lindsay Studios - 25241 Avenue Stanford Valencia California 
1997,Thank God He Met Lizzie,Strickland House Vaucluse Sydney New South Wales 
2012,That's My Boy,Wixon Middle School South Dennis Massachusetts 
2005,The 19th Annual ARIA Awards,Acer Arena Olympic Boulevard Sydney Olympic Park Sydney New South Wales 
1954,The 26th Annual Academy Awards,Pantages Theater - 6233 Hollywood Blvd. Hollywood Los Angeles California 
2000,The 6th Day,GM Place Vancouver British Columbia 
1921,The Ace of Hearts,Pinecrest Tuolumne County California 
2013,The Adventurer: The Curse of the Midas Box,The Bottle Yard Studios Whitchurch Lane Bristol England 
2007,The Adventures of Miss Girl,Bucktown Chicago Illinois 
1993,The Age of Innocence,Enid A Haupt Conservatory New York Botanical Gardens - 200th Street & Southern Boulevard Bronx New York City New York 
2007,The Amazing Adventures of Little Batman,Staten Island New York City New York 
1988,The American Film Institute Salute to Jack Lemmon,Beverly Hilton Hotel - 9876 Wilshire Blvd. Beverly Hills California 
2011,The Anniversary at Shallow Creek,North Hollywood Los Angeles California 
2013,The Artists Music Guild Presents: The AMG Heritage Awards,3230 Presson Road Monroe North Carolina 
1909,The Bachelor's Wife,Essanay Studios - 1333-45 W. Argyle Street Uptown Chicago Illinois 
1977,The Bad News Bears in Breaking Training,Mason Park 10500 Mason Ave. Chatsworth California 
2008,The Bank Job,185 Baker Street Marylebone London England 
1999,The Base,Francis Scott Key Bridge Washington District of Columbia 
1953,The Beast from 20,000 Fathoms,The Beast from 20 New York City New York 
1987,The Belly of an Architect,Piazza Navona Rome Lazio 
1982,The Best Little Whorehouse in Texas,Stage 12 Universal Studios - 100 Universal City Plaza Universal City California 
1933,The Big Cage,Universal Studios - 100 Universal City Plaza Universal City California 
2006,The Birth,Manchester Greater Manchester England 
2015,The Black Queen: Ice to Never,Skid Row Central City East Los Angeles California 
1989,The Blood of Heroes,Lunar Plains Coober Pedy South Australia 
1955,The Blue Peter,Aberdovey Yacht Club Aberdovey Gwynedd Wales 
2001,The Body,Ospedale Santo Spirito Borgo Santo Spirito Rome Lazio 
2015,The Booth,Los Angeles California Los Angeles 
1999,The Breaks,3893 Santa Rosalia Drive Los Angeles California 
1947,The Brothers,Skye Highland Scotland 
1990,The Burning Ghat,Brooklyn New York City New York 
1987,The Caller,Empire Studios Rome Lazio 
1975,The Candy Tangerine Man,Sunset Blvd. Hollywood Los Angeles California 
2015,The Caravan,Morfa Lodge Caravan Park Dinas Dinlle Caernarfon Gwynedd Wales 
2010,The Case Against Jill,Pointe Studios Hawthorne California 
1931,The Cheat,Paramount Studios Astoria Queens New York City New York 
2009,The Chrysalid Forebodings,Reid Park Tucson Arizona 
2000,The Dark Area,Gymnasium Adolfinum Moers Wesel North Rhine-Westphalia 
2007,The Dark Knight, a G4 Special,The Dark Knight New York 
2016,The Dash,Huntington Long Island New York 
1961,The Day the Earth Caught Fire,Holborn London England 
1988,The Dead Pool,23rd & Iowa Sts. The Dogpatch San Francisco California 
1999,The Debt Collector,Glasgow Strathclyde Scotland 
1941,The Devil Pays Off,Republic Studios Hollywood Los Angeles California 
2012,The Devin Townsend Project: By a Thread - Live in London 2011,Union Chapel The Angel Islington London England 
2014,The Dinner Guest,Encino Los Angeles California 
1980,The Elephant Man,Whitehall Court Whitehall Westminster London England 
1976,The Eurovision Song Contest,Congresgebouw 's-Gravenhage Zuid-Holland 
2010,The Fighter,S Anderson St & Artemus St Los Angeles California 
1981,The Final Conflict,Elstree Studios Borehamwood Hertfordshire England 
2005,The Fine Art of Love: Mine Ha-Ha,Marmore Falls Terni Umbria 
2006,The First Time: Wigan Athletic FC in the Premiership,JJB Stadium Wigan Greater Manchester England 
2019,The Flame,Discovery Green Houston Texas 
1997,The Full Monty,Pepes Cambridge Street Sheffield South Yorkshire England 
1924,The Gaiety Girl,Universal Studios - 100 Universal City Plaza Universal City California 
2005,The Game of Their Lives,Robert F. Kennedy Memorial Stadium - 2400 East Capitol Street SE Washington District of Columbia 
1999,The General's Daughter,Savannah State College Savannah Georgia 
1999,The Girl Next Door,Cannes Film Festival Cannes Alpes-Maritimes 
2012,The Glowing Hours,Welwyn Garden City Hertfordshire England 
1990,The Godfather: Part III,Chiesa di Sant'Orsola Erice Sicily 
2011,The Hangover,Edward Street Evesham Worcestershire England 
1941,The Hard-Boiled Canary,Paramount Studios - 5555 Melrose Avenue Hollywood Los Angeles California 
2008,The Hollywood Informant,Lacy Street Production Center - 2630 Lacy Street Los Angeles California 
1983,The Honorary Consul,Shepperton Studio Centre Middlesex England 
1998,The Horse Whisperer,Saratoga Race Track Saratoga Springs New York 
1945,The House on 92nd Street,53 East 93rd Street Manhattan New York City New York 
2015,The Incident,North Light Film Studios Brookes Mill Berry Brow Huddersfield England 
2008,The Initiation,West Penwith Moors Cornwall England 
1924,The Iron Horse,Iverson Ranch - 1 Iverson Lane Chatsworth Los Angeles California 
2007,The Jammed,Collingwood Melbourne Victoria 
2005,The Joseph, Lundgren, Jr., Telethon for the Rock,The Joseph Lundgren Jr. 
2009,The Joy of Motoring,Westminster London England 
1977,The Kentucky Fried Movie,Pasadena Dept of Water & Power - 150 S. Los Robles Avenue Pasadena California 
1999,The Killing Zone,Hartley Jam Factory Tower Bridge Road Southwark London England 
2014,The King of Arcades,Skokie Illinois 
1970,The Lady in the Car with Glasses and a Gun,Orly Airport Orly Val-de-Marne 
2015,The Last Pinoy Action King,Cubao Quezon City Metro Manila 
2017,The Last SMS,Shahjalal International Airport Dhaka Dhaka 
2006,The Last Supper,Hollywood Los Angeles California 
2008,The Last White Dishwasher,North Hollywood Los Angeles California 
2016,The Legacy Run,Restaurant Mornar Ulica Riva Boduli 5A Rijeka 
2007,The Legend of God's Gun,Death Valley Junction Death Valley National Park California 
1958,The Lineup,Nob Hill San Francisco California 
2015,The Lives We Lead,Brighton-le-Sands New South Wales 
2002,The Lord of the Rings: The Two Towers,Te Anau Southland District Southland 
2010,The Lost Fort,651 Fort Chadbourne Rd Bronte Texas 
1968,The Love Bug,Walt Disney's Golden Oak Ranch - 19802 Placerita Canyon Road Newhall California 
1994,The Madness of King George,Syon House Syon Park Brentford Middlesex England 
2009,The Magical Odyssey, the Child and the Earth,The Magical Odyssey Départements d'Outre-Mer 
1951,The Man from Planet X,Hal Roach Studios - 8822 Washington Blvd. Culver City California 
1920,The Mark of Zorro,Raleigh Studios - 5300 Melrose Avenue Hollywood Los Angeles California 
1998,The Mask of Zorro,San Blas hacienda Lopez Mateos Tlaxcala 
1999,The Matrix,Allianz Building Market Street Sydney New South Wales 
1983,The Meaning of Life,Hargreaves Street Colne Lancashire England 
1999,The Message,Ardmore Studios Herbert Road Bray County Wicklow 
2015,The Morgue,Wigan Lancashire England 
1984,The Muppets Take Manhattan,5th Avenue Manhattan New York City New York 
1948,The Naked City,Roosevelt Hospital Manhattan New York City New York 
2014,The Never Ending Road,The Amazing Ted's Restaurant Scarborough Toronto Ontario 
2016,The Nightrunner,Regina International Airport Regina Saskatchewan 
2011,The One,Manhattan New York City New York 
2008,The Other Boleyn Girl,Bude Cornwall England 
2009,The Outsiders,Cropthorne Worcestershire England 
2001,The Parole Officer,Delph Greater Manchester England 
1991,The People Under the Stairs,Ren-Mar Studios - 846 N. Cahuenga Blvd. Hollywood Los Angeles California 
2009,The Pervert,South Beach Miami Beach Florida 
2017,The Pirate Captain Toledano,The Brig Pilgrim The Ocean Institute Dana Point California 
1976,The Pom Pom Girls,Lincoln Avenue & Taylor Street Val Verde California 
1967,The President's Analyst,Lincoln Memorial National Mall Washington District of Columbia 
1995,The Price of Love,Grauman's Chinese Theater - 6925 Hollywood Blvd. Hollywood Los Angeles California 
1987,The Princess Bride,Penshurst Place Penshurst Kent England 
1961,The Pursuers,New Elstree Studios Elstree Road Elstree Hertfordshire England 
2015,The Queen's Longest Reign: Elizabeth & Victoria,Windsor Castle Windsor Berkshire England 
1972,The Ragman's Daughter,Carrington Road Nottingham Nottinghamshire England 
1996,The Rockford Files: Friends and Foul Play,Paradise Cove - 28128 Pacific Coast Highway Malibu California 
2003,The School of Rock,Union County Arts Center - 1601 Irving Street Rahway New Jersey 
1993,The Secret Garden,Fountains Hall North Yorkshire England 
2015,The Secret World of Lewis Carroll,Christ Church College St Aldate's Oxford Oxfordshire England 
1963,The Servant,St. Pancras Station St. Pancras London England 
1969,The Southern Star,Pinewood Studios Iver Heath Buckinghamshire England 
1931,The Speckled Band,British and Dominions Studios Elstree Hertfordshire England 
2007,The Statement,Wetherby West Yorkshire England 
1975,The Sunshine Boys,Metro-Goldwyn-Mayer Studios - 10202 W. Washington Blvd. Culver City California 
2004,The Terminal,Montréal-Mirabel International Airport Mirabel Québec 
1999,The Thirteenth Floor,Ennis House - 2607 Glendower Avenue Los Feliz Los Angeles California 
2009,The Tournament,High Street Gateshead Tyne & Wear England 
1932,The Trans-Atlantic Mystery,Warner Bros. Eastern Vitaphone Studios Brooklyn New York City New York 
1947,The Unsuspected,Warner Brothers Burbank Studios - 4000 Warner Boulevard Burbank California 
1995,The Usual Suspects,Los Angeles Harbor San Pedro Los Angeles California 
2016,The Ways,Fairleigh Dickinson University - 285 Madison Avenue Madison New Jersey 
1954,The White Orchid,Aztec Ruins National Monument - 84 County Road 2900 Aztec New Mexico 
2011,The Wicker Tree,London Taxidermy Wandsworth London England 
1958,The Wild Women of Wongo,Coral Castle - 28655 S. Dixie Highway Homestead Florida 
2004,The Winds of Exile,Ramapo College - 505 Ramapo Valley Road Mahwah New Jersey 
1944,The Woman in the Window,PRC Studios 7950 Santa Monica Boulevard West Hollywood California 
2016,The Wrong Jawn,Old First Reformed United Christ Church 151 N 4th St Philadelphia Pennsylvania 
2005,The Zen of Screaming,Spirit - 530 W. 27th Street Manhattan New York City New York 
1998,There's Something About Mary,Miami-Dade Cultural Center Miami Florida 
1981,They All Laughed,Shubert Alley Manhattan New York City New York 
2017,This Is Ameria: Introducing Ameria,Hollywood Los Angeles California 
2016,This Is Now,Ventura California Ventura California 
1933,This Week of Grace,Twickenham Film Studios St Margarets Twickenham Middlesex England 
1936,Three on the Trail,Alabama Hills Lone Pine California 
2016,Tickled,Hollywood Blvd. Hollywood California 
1972,Timex All-Star Swing Festival,Lincoln Center New York City New York 
1948,To the Victor,Warner Brothers Burbank Studios - 4000 Warner Boulevard Burbank California 
2012,Todo es silencio,Muros A Coruña Galicia 
2014,Together Alone,Venice Los Angeles California 
2016,Toni Erdmann,Anne-Frank-Gymnasium Aachen North Rhine-Westphalia 
2010,Top Gun in 60 Seconds,RAF Lakenheath Suffolk England 
1942,Tough As They Come,Universal Studios - 100 Universal City Plaza Universal City California 
1983,Trading Places,Rittenhouse Square Philadelphia Pennsylvania 
1996,Trainspotting,Calton Road Edinburgh Scotland 
1946,Trente et quarante,Studios de la Victorine - 16 avenue Edoard Grinda Nice Alpes-Maritimes 
1940,Trifles of Importance,Metro-Goldwyn-Mayer Studios - 10202 W. Washington Blvd. Culver City California 
2014,Tristesse Club,Maison abandonnée au bord du Lac d'Aiguebelette Savoie Rhône-Alpes 
2016,Troll,Ealing Studios Ealing London England 
1963,Tunarama,Boston Bay Spencer Gulf South Australia 
2014,Turba,Neuilly sur Seine 
1963,Tutto è musica,Ansedonia Orbetello Grosseto Tuscany 
1995,Twelve Monkeys,Delaware Generating Station Philadelphia Pennsylvania 
2014,Twigs,Colchester Essex England 
2008,Two Lovers,Lana Lounge - 92 River Street Hoboken New Jersey 
1967,Two for the Road,Port de Nice Nice Alpes-Maritimes 
2013,Tyler, the Creator: Domo 23,Tyler California 
2009,USA: Desired & Despised,Amsterdam Zuid-Oost Amsterdam Noord-Holland 
1994,Udhaar Ki Zindagi,Tata Bungalow Marol Andheri Mumbai Maharashtra 
1965,Un avance hacia el futuro,Tarrasa Barcelona Catalonia 
1971,Un colt por cuatro cirios,Castelldefels Barcelona Catalonia 
2006,Un día, una chica,Un día Lima 
1968,Un tranquillo posto di campagna,Villa Cordellina Lombardi Montecchio Maggiore Vicenza Veneto 
2007,Una Canzone d'Amore,Moena Trento Trentino - Alto Adige 
2014,Uncensored Science: Bill Nye Debates Ken Ham,Creation Museum Petersburg Kentucky 
1955,Uncommon Valor,Arlington National Cemetery Arlington Virginia 
1927,Underworld,Paramount Studios - 5555 Melrose Avenue Hollywood Los Angeles California 
2009,Untitled Track,Trolley's Grill Springfield Missouri 
2000,Up at the Villa,Loggia dei Lanzi Florence Tuscany 
1986,Uphill All the Way,Alamo Village - Highway 674 Brackettville Texas 
2017,Us and Them,Munden House Watford England 
2014,VALKYRIE I: International Joshi Grand Prix,Brooklyn New York City New York 
2001,Vacuuming Completely Nude in Paradise,Blackpool Lancashire England 
1919,Van Kasongo naar Kabinda: Lusambo, Luebo, Lomani, Kasai, Kinshasa, Matadi, Boma,Van Kasongo naar Kabinda: Lusambo Luebo Lomani Kasai Kinshasa Matadi 
2014,Verification,Manhattan New York City New York 
1958,Vertigo,Claude Lane Bush Street San Francisco California 
2001,Victoria & Albert,Elstree Studios Borehamwood Hertfordshire England 
2016,Viktors Kopf,Landesrarchiv Speyer Rhineland-Palatinate 
2016,Viral,Anaheim California 
1997,Vishwavidhaata,Chandivali Studio Mumbai Maharashtra 
2014,Viy,Sychrov State Castle Liberec District Liberec Region 
2012,Vore,Glasgow Strathclyde Scotland 
1910,Värmlänningarne,Svenska Biografteaterns ateljé Kristianstad Skåne län 
2008,Wading,Brooklyn New York City New York 
1934,Wake Up and Dream,Universal Studios - 100 Universal City Plaza Universal City California 
2010,Walls,Newcastle-upon-Tyne Tyne & Wear England 
2013,Wannabe Hank,Brooklyn New York City New York 
2016,War of the Limelight,Carmel Youth Center Carmel California 
1930,Way Out West,Metro-Goldwyn-Mayer Studios - 10202 W. Washington Blvd. Culver City California 
2016,We Are a Miracle,Auschwitz-Birkenau Concentration Camp Oswiecim Malopolskie 
1987,Weeds,North Carolina Central University - 1801 Fayetteville Street Durham North Carolina 
1966,Wer kennt Johnny R.?,El Papiol Barcelona Catalonia 
2016,West Coast,Plougoumelen Morbihan Bretagne 
1978,What's Up Superdoc!,Molinare Studios Foubert's Place Soho London England 
1922,When Knighthood Was in Flower,Windsor Castle Windsor Berkshire England 
1949,Whisky Galore!,Allasdale Barra Western Isles Scotland 
1988,Who Framed Roger Rabbit,State Theatre George Street Grays Essex England 
2017,Who Put Bella in the Wych-Elm?: The Untold Secrets,Hagley Stourbridge England 
2008,Why We Train,Venice Beach Venice Los Angeles California 
1966,Wild Wild Winter,Alpine Meadows Ski Resort Lake Tahoe California 
1968,Will the Real Norman Mailer Please Stand Up?,Reagan National Airport - George Washington Memorial Parkway Arlington Virginia 
2009,Win My Vote!,Brighton East Sussex England 
2017,Wonderkind,Oak Cliff Dallas Texas 
2003,World Premiere Adelaide Festival of Arts 2002,Her Majesty's Theatre 58 Grote Street Adelaide South Australia 
2001,Wormwood,Hollywood Los Angeles California 
2010,You Will Meet a Tall Dark Stranger,Talbot Road Notting Hill London England 
1963,Young Men in a Hurry,Paramount Studios - 5555 Melrose Avenue Hollywood Los Angeles California 
1985,Zina,Church Cove Gunwalloe Cornwall England 
2009,Zombie Punch,Burnaby Mountain Burnaby British Columbia 
2000,Zu verkaufen,Sóller Mallorca Balearic Islands 
1987,Zur Feier des Tages,Friedrichstadtpalast Mitte Berlin 
1972,¡Cómo hay gente sinvergüenza!,Airport Mexico City Distrito Federal 
2010,Änglavakt,Kustateljén Fårösund Gotlands län 
